ID;Утверждение;Тип;Источник;Дата публикации;Дата проверки;Уверенность;Комментарий
F01;Hoteza предлагает HotPad — планшет в номере с ударопрочной док-станцией, заказом room service и чатом с персоналом;факт;[3];без даты;01.10.2026;средняя;страница интегратора-разработчика
F02;Hoteza разрабатывается SMARTEQ с 2013 года;факт;[2];25.10.2016;01.10.2026;средняя;совпадает с [3] (Смартек с 2009 года)
F03;Hoteza установлена более чем в 100 отелях в России, Казахстане и др.;факт по заявлению компании;[2];25.10.2016;01.10.2026;низкая;данные 2016 года
F04;Hoteza используется более чем в 1000 отелей по всему миру;факт по заявлению компании;[1];без даты;01.10.2026;средняя;страны не раскрыты
F05;Стоимость программного комплекса Hoteza от 300 тыс. руб.;факт по заявлению компании;[4];без даты;01.10.2026;средняя;комплектация не раскрыта
F06;Продукты Hoteza продаёт интегратор в Минске;факт;[5];без даты;01.10.2026;средняя;
F07;ООО «СалютДевайсы» купило 2ROOMZ 20.08.2026;факт;[6];20.08.2026;01.10.2026;высокая;первичный пресс-релиз покупателя
F08;«Умный отель» — более 20 000 номеров в 50 городах, 2ROOMZ — свыше 250 объектов;факт по заявлению компании;[6];20.08.2026;01.10.2026;средняя;
F09;«Салют Отель» работает на ТВ 32–75 дюймов, с заказом услуг и отзывами в общественных зонах;факт;[7];без даты;01.10.2026;средняя;
F10;Рост продаж допуслуг 10–15% от витрины на нескольких устройствах;факт по заявлению компании;[8];04.09.2026;01.10.2026;низкая;оценка без базы, в расчёт не идёт
F11;TeamJet / GoodStay — заказ услуг по QR и в приложении, заявлен рост заказов и бронирований услуг на 15%;факт по заявлению компании;[9][31];без даты;01.10.2026;средняя;процент без базы
F12;Digital Concierge интегрирован с Opera и Bnovo;факт по заявлению компании;[10];без даты;01.10.2026;средняя;
F13;Bnovo Консьерж анонсирован в 2017 году;факт;[11];17.02.2017;01.10.2026;низкая;текущий статус не подтверждён
F14;Bnovo предлагает ботов в мессенджерах и QR-отзывы;факт;[12];10.03.2026;01.10.2026;средняя;
F15;TL: Chat бесплатен в модуле бронирования до 31.12.2026;факт;[13];15.07.2026;01.10.2026;средняя;
F16;Держатель НСПЗ-1 с замком стоит 7 400 руб.;факт;[14];без даты;01.10.2026;средняя;публичный прайс
F17;Китайские гостиничные Android-планшеты стоят 99–260 USD;факт по заявлению компании;[15];без даты;01.10.2026;низкая;без логистики и пошлин
F18;SuitePad — подписка от 6 евро за номер в месяц;факт;[17];без даты;01.10.2026;средняя;цена «от»
F19;SuitePad ранее брал 169 евро за планшет авансом;факт по заявлению компании;[18];15.11.2023;01.10.2026;средняя;
F20;80% гостей пользуются SuitePad 15 минут и более;факт по заявлению компании;[19];без даты;01.10.2026;низкая;база не раскрыта, в расчёт не идёт
F21;Около 91% опрошенных отельеров столкнулись с дефицитом персонала в 2025 году;факт;[21];2025;01.10.2026;средняя;онлайн-опрос 150+ отельеров
F22;Классификация средств размещения регулируется ПП РФ № 1951 от 27.12.2024;факт;[22];27.12.2024;01.10.2026;высокая;
F23;С 01.09.2025 объекты должны быть в едином реестре;факт;[23];08.09.2025;01.10.2026;средняя;вторичный пересказ, сверить с 436-ФЗ
C01;В России действуют несколько поставщиков цифрового заказа услуг гостем;подтверждённый вывод;[3][6][9][10];;01.10.2026;высокая;опровергает тезис «зрелых решений нет»
C02;Аппаратная часть не создаёт барьера входа;подтверждённый вывод;[3][14][15];;01.10.2026;средняя;
C03;Устройство в номере дублирует функцию там, где стоит ТВ-платформа;аналитический вывод;[7];;01.10.2026;средняя;
C04;Отсутствие недорогого планшета для 3–4 звёзд может объясняться нежизнеспособностью модели;аналитический вывод;раздел 3.3;;01.10.2026;средняя;
H01;Доля заездов с заказом через устройство не ниже 20%;рабочая гипотеза;Г2;;01.10.2026;низкая;решающее неизвестное
H02;Годовая доля поломок и краж не выше 10%;рабочая гипотеза;Г3;;01.10.2026;низкая;
R01;Начинать с пилота в одном отеле 3–4 звёзд с общественными зонами и 20–30 номерами;рекомендация;раздел 6;;01.10.2026;;
F24;Оператор сайта hoteza.com — Hoteza Limited, Кипр;факт;[25];без даты;01.10.2026;средняя;происхождение и юрисдикция — разные факты
F25;У SuitePad есть Lobby Screen для лобби, спа, бара;факт;[26];без даты;01.10.2026;средняя;
F26;SuitePad Performance: плата за событие, потолок 14 USD за номер, минимальная месячная плата;факт;[27];без даты;01.10.2026;средняя;суммы за событие — примеры
F27;Кейсы Hoteza в Ереване и Алматы (ТВ, приложение, HSIA);факт по заявлению компании;[28][29];без даты;01.10.2026;средняя;не планшет
F28;GoodStay работает по QR в браузере без установки приложения;факт;[31];без даты;01.10.2026;средняя;
F29;Новые Правила гостиничных услуг ПП № 1912 от 27.11.2025 применяются с 01.03.2026;факт;[32];без даты;01.10.2026;высокая;заменили ПП № 1853
F30;ПП № 1952 вступило в силу с 01.01.2025, отдельные пункты с 01.06.2025;факт;[33];27.12.2024;01.10.2026;высокая;
F31;По новым правилам категорию получили 1 967 гостиниц «три звезды» и 898 «четыре звезды»;факт;[35];10.06.2026;01.10.2026;высокая;не все отели 3–4 звёзд
F32;Sputnik8 платит партнёрам 8–10% от стоимости билетов на экскурсии;факт;[36];без даты;01.10.2026;средняя;
C05;Тариф без убытка для отеля (685 руб.) ниже нужного поставщику (1 200 руб.) при базовых допущениях;аналитический вывод;разделы 3.3 и 3.6;;01.10.2026;средняя;иллюстрация
C06;60-дневный пилот на 30 устройствах не подтверждает годовую частоту замен 0,10;подтверждённый вывод;раздел 6.5;;01.10.2026;высокая;4,9 устройство-года, верхняя граница около 0,6 при нуле событий
F33;Потолок оплаты по результату SuitePad согласуется индивидуально, 14 USD за номер — пример для отеля на 100 номеров;факт;[16][27];без даты;01.10.2026;средняя;
F34;Оферта Sputnik8 от 29.12.2025: 10% стоимости услуг, не более 50% комиссии, учёт 90 дней, минимум выплаты 1 500 руб.;факт;[37];29.12.2025;01.10.2026;средняя;расходится с информационной страницей [36]
F35;Hoteza Mobile: большинство услуг доступно без интернета (заявление 2017 года);факт по заявлению компании;[5];21.12.2017;01.10.2026;низкая;исторический
C07;При базовых допущениях минимальный тариф поставщика выше тарифа без убытка для отеля даже с комплектом 15 000 руб.;аналитический вывод;раздел 3.6;;01.10.2026;средняя;иллюстрация
