Номер;Факт;Источник;URL;Тип источника;Дата публикации;Дата проверки;Надёжность;Комментарий
37;Публичная оферта партнёрской программы Sputnik8 от 29.12.2025: 10% стоимости услуг, не более 50% комиссии площадки, учёт 90 дней, выплаты 13-го и 26-го числа, минимум 1 500 руб.;Sputnik8;https://www.sputnik8.com/ru/pages/oferta-na-okazanie-uslug-po-razmescheniyu-promo-materialov-zakazchika-na-web-resurse-ispolnitelya-rezidenta-rf;первичный;29.12.2025;01.10.2026;средняя;
1;Линейка Hoteza, более 1000 отелей и 200+ интеграций по заявлению компании;Hoteza;https://hoteza.com/;первичный;без даты на странице;01.10.2026;средняя;
2;Hoteza разрабатывает SMARTEQ с 2013 года, более 100 отелей в России, Казахстане и др.;iRidium mobile;https://blog.iridi.com/ru/iridium-mobile-hoteza-novoe-kompleksnoe-reshenie-dlya-ot/;вторичный;25.10.2016;01.10.2026;низкая;
3;HotPad: планшет в номере, ударопрочная док-станция, заказ room service, чат, 120 USD прироста на номер в месяц после внедрения Hoteza Guest Journey;Smarteq;https://smarteq.ru/hoteza-platform/hotpad;первичный;без даты на странице;01.10.2026;средняя;
4;Регистрация в Роспатенте, цена от 300 тыс. руб., клиенты в Москве, Санкт-Петербурге, Сочи;Hoteza Software;https://hotezasoftware.ru/;первичный;без даты на странице;01.10.2026;средняя;
5;Интегратор в Минске продаёт продукты Hoteza, заявление об офлайн-режиме Hoteza Mobile;NOVA;https://www.nova-minsk.com/hotel-systems/interactive-systems/hoteza;первичный;21.12.2017;01.10.2026;средняя;
6;Объявление о покупке 2ROOMZ, более 20 000 номеров в 50 городах, свыше 250 объектов у 2ROOMZ;SberDevices;https://sberdevices.ru/press/detail/ooo-salyut-devajsy-priobrelo-czifrovoj-servis-dlya-otelej-2-roomz/;первичный;20.08.2026 (дата пресс-релиза);01.10.2026;средняя;
7;«Салют Отель»: ТВ, заказ услуг, трансфер, бронирование ресторанов, отзывы в общественных зонах, интеграция с PMS;Сбер;https://developers.sber.ru/help/salutehotels/digital-solutions-for-hotels;первичный;14.02.2024, обновлено 23.09.2025;01.10.2026;средняя;
8;Витрина 2ROOMZ на телефоне, ноутбуке и ТВ, оценка +10–15% продаж допуслуг;Рамблер/путешествия;https://travel.rambler.ru/local/57014188-umnyy-otel-sber-rasshiryaet-nabor-servisov-dlya-gostinits/;вторичный;04.09.2026;01.10.2026;низкая;
9;TeamJet: QR, приложение, таск-менеджер, отзывы, московский телефон;TeamJet;https://teamjet.com/;первичный;без даты на странице;01.10.2026;средняя;
10;Digital Concierge: приложение гостя, интеграции с Opera и Bnovo;Proptech;https://proptech.digital/digital_concierge/;первичный;без даты на странице;01.10.2026;средняя;
11;Анонс Bnovo Консьерж, запуск весной 2017 года;Hotel.Report;https://ru.hotel.report/technology/bnovo-konserzh-mobilnoe-prilozhenie-dlya-gostej-otelya;вторичный;17.02.2017;01.10.2026;низкая;
12;Боты в Telegram, WhatsApp, VK, СМС, чаевые и отзывы по QR;Bnovo;https://bnovo.ru/blog/hotel-app/;первичный;10.03.2026;01.10.2026;средняя;
13;TL: Chat входит в стоимость модуля TL: Booking Engine до 31.12.2026;TravelLine;https://www.travelline.ru/support/knowledge-base/tl-chat/;первичный;без даты на странице;01.10.2026;средняя;
14;Держатели с замком: 7 400, 9 500, 11 000 руб.;Elegri;https://elegri.ru/internet_magazin/folder/56704021;первичный;без даты на странице;01.10.2026;средняя;
15;Гостиничные Android-планшеты и терминалы из Китая: 99–260 USD;Alibaba;https://russian.alibaba.com/g/hotel-tablet.html;слабый;без даты на странице;01.10.2026;низкая;
16;Две модели оплаты SuitePad, состав цены, покупка или аренда оборудования, потолок оплаты по результату согласуется индивидуально;SuitePad;https://www.suitepad.de/en/pricing;первичный;без даты на странице;01.10.2026;средняя;
17;SuitePad: от 6 евро за номер в месяц;Apaleo Store;https://store.apaleo.com/apps/suitepad;первичный;без даты на странице;01.10.2026;средняя;
18;Оплата по результату, ранее 169 евро за планшет, более 1000 клиентов;SuitePad;https://www.suitepad.de/en/about-us/press/performance-based-pricing-model-2;первичный;15.11.2023;01.10.2026;средняя;
19;80% гостей пользуются планшетом 15 минут и более, 1000+ отелей в 42 странах;SuitePad;https://www.suitepad.de/en/products/in-room-tablet;первичный;без даты на странице;01.10.2026;низкая;
20;Диапазоны цен за номер в месяц по поставщикам;Hotel Tech Report;https://hoteltechreport.com/guest-experience/guest-room-tablets;слабый;обновлено 24.07.2026;01.10.2026;низкая;
21;Около 91% отельеров столкнулись с дефицитом персонала, опрос июля 2025 года;E-xecutive.ru;https://www.e-xecutive.ru/sections/hr-news/news/2098703-bolee-90-rossiiskih-otelerov-stolknulis-s-defitsitom-personala-v-2025-godu;вторичный;2025;01.10.2026;низкая;
22;ПП РФ от 27.12.2024 № 1951 (ред. от 27.11.2025), срок действия до 01.01.2031;КонсультантПлюс, текст акта;https://www.consultant.ru/document/cons_doc_LAW_495340/;регуляторный;27.12.2024, ред. от 27.11.2025;01.10.2026;высокая;
23;Обязательное включение в реестр с 01.09.2025 (пересказ норм);Контур.Отель;https://kontur.ru/hotel/spravka/80967-chto_takoe_reestr_klassifikacii_gostinic;вторичный;08.09.2025;01.10.2026;низкая;
24;Более 16 000 объектов на продуктах Bnovo, более 150 000 номеров на PMS HRS;Horeca Estate;https://horeca.estate/digits/86-gostinichnyj-biznes/2708-it-resheniya-dlya-gostinichnogo-biznesa-kak-rossijskie-tekhnologii-menyayut-industriyu-gostepriimstva-otraslevoj-obzor-2026-2027;вторичный;17.07.2026;01.10.2026;низкая;
25;Оператор сайта hoteza.com — Hoteza Limited, Кипр;Hoteza;https://hoteza.com/privacy-policy;первичный;без даты на странице;01.10.2026;средняя;
26;Lobby Screen SuitePad: сенсорный экран в лобби, информация, отзывы, заселение;SuitePad;https://www.suitepad.de/en/products/lobby-screen;первичный;без даты на странице;01.10.2026;средняя;
27;Оплата по результату: плата за событие, минимальная месячная плата, пример потолка 14 USD за номер для отеля на 100 номеров;SuitePad;https://www.suitepad.de/en/pricing/performance;первичный;без даты на странице;01.10.2026;средняя;
28;Кейсы Hoteza: Seven Visions, Ереван (181 номер), Rixos Almaty (256 номеров);Hoteza;https://hoteza.com/success-stories;первичный;без даты на странице;01.10.2026;средняя;
29;Rahat Palace, Алматы, 190 номеров: Hoteza TV, Guest App, HSIA, заявлен рост заказов через приложение на 600%;Hoteza;https://hoteza.com/success-stories/driving-revenue-and-digital-guest-engagement-through-seamless-room-technology-rahat-palace-hotel-x-hoteza;первичный;без даты на странице;01.10.2026;средняя;
30;Отзыв IT-менеджера гостиничного кластера в Узбекистане о приложении Hoteza;Hoteza;https://www.hoteza.app/;первичный;без даты на странице;01.10.2026;низкая;
31;GoodStay: заказ услуг по QR без установки приложения, заявлен рост заказов и бронирований услуг на 15%;TeamJet;https://teamjet.com/bronirovanie-i-prodazha-uslug;первичный;без даты на странице;01.10.2026;средняя;
32;Правила гостиничных услуг по ПП РФ от 27.11.2025 № 1912 применяются с 01.03.2026, заменили ПП № 1853;Роспотребнадзор;https://cgon.rospotrebnadzor.ru/biznesu/profilaktika-nadzor-uslsugi/profilakticheskie-meropriatiya/novye-pravila-predostavleniya-gostinichnykh-uslug/;регуляторный;без даты на странице;01.10.2026;высокая;
33;ПП РФ от 27.12.2024 № 1952 вступает в силу с 01.01.2025, отдельные пункты — с 01.06.2025;КонсультантПлюс;https://www.consultant.ru/document/cons_doc_LAW_495352/92d969e26a4326c5d02fa79b8f9cf4994ee5633b/;регуляторный;27.12.2024;01.10.2026;высокая;
34;Ст. 5.1 132-ФЗ: запрет услуг вне реестра и исключения для отдельных объектов;КонсультантПлюс;https://www.consultant.ru/document/cons_doc_LAW_12462/c8d52d0ebc3b4bdbd8b861df8781c399ba05e233/;регуляторный;действующая редакция;01.10.2026;высокая;
35;Более 30 000 объектов и более 1 млн номеров в реестре, по новым правилам 1 967 гостиниц «три звезды» и 898 «четыре звезды»;ФАУ НИА;https://niakk.ru/press-center/news/organizatsiyam/reestr-klassifitsirovannykh-gostinits-dostig-30-tys-deystvuyushchikh-obektov/;регуляторный;10.06.2026;01.10.2026;высокая;
36;Информационная страница партнёрской программы Sputnik8: 8–10% от стоимости билетов, учёт 30 дней;Sputnik8;https://www.sputnik8.com/ru/pages/opisanie-partnerskoy-programmy;первичный;без даты на странице;01.10.2026;средняя;
искл.1;Доходы гостиниц РФ за 2024 год;РБК;https://www.rbc.ru/business/11/02/2025/67a9ebc29a79473f4b1fd1eb;вторичный;11.02.2025;01.10.2026;низкая;доступ ограничен (HTTP 401), требуется ручная проверка, в клиентский текст не включён
искл.2;Исследование технологий в отелях 2024;Hospitality Technology;https://hospitalitytech.com/2024-hotel-technology-study;вторичный;2024;01.10.2026;низкая;доступ ограничен (HTTP 403), требуется ручная проверка, в клиентский текст не включён
